Time_ms,Voltage_kV
-30.0,-0.6629087985997056
-29.96996996996997,0.8990928775406797
-29.93993993993994,0.3857926516952246
-29.90990990990991,-4.4213892511434345
-29.87987987987988,-5.5002439898058615
-29.84984984984985,-5.540512026685487
-29.81981981981982,-12.563268412586037
-29.78978978978979,-11.14472254925764
-29.75975975975976,-3.4395836559065796
-29.72972972972973,-3.5456893070469473
-29.6996996996997,-10.1673317514317
-29.66966966966967,-8.629345494056633
-29.63963963963964,-10.363136679276739
-29.60960960960961,-2.997110012479954
-29.57957957957958,-9.810804149258637
-29.54954954954955,-14.4878859669343
-29.51951951951952,-17.904103503194904
-29.48948948948949,-20.788831739527673
-29.45945945945946,-16.289691124583136
-29.42942942942943,-20.098219351650464
-29.3993993993994,-23.023426466376755
-29.36936936936937,-21.622212799498023
-29.33933933933934,-23.851215152012408
-29.30930930930931,-16.467389169291362
-29.27927927927928,-19.80422159290899
-29.24924924924925,-23.39138752037507
-29.21921921921922,-19.843886121188667
-29.18918918918919,-24.965701215569577
-29.15915915915916,-28.693503645193594
-29.12912912912913,-22.449799856569108
-29.0990990990991,-26.309558198228956
-29.06906906906907,-31.94265749020154
-29.03903903903904,-30.303999700968102
-29.00900900900901,-33.259256720832546
-28.97897897897898,-35.677493050443246
-28.94894894894895,-29.644446905842216
-28.91891891891892,-27.585729552795303
-28.88888888888889,-38.39771705402429
-28.85885885885886,-33.398097375061226
-28.82882882882883,-37.920800671818995
-28.7987987987988,-38.308915632319085
-28.76876876876877,-39.50010820299366
-28.73873873873874,-41.18692820857227
-28.70870870870871,-39.31798539110961
-28.67867867867868,-42.8214825976313
-28.64864864864865,-40.37875434705971
-28.61861861861862,-42.198665655268854
-28.58858858858859,-43.61887954683178
-28.55855855855856,-46.47499203181519
-28.52852852852853,-46.32898656021261
-28.4984984984985,-43.17490096701039
-28.46846846846847,-44.77668073385672
-28.43843843843844,-50.04633664269746
-28.40840840840841,-47.64571931259338
-28.37837837837838,-46.51533301124806
-28.34834834834835,-54.59914771180309
-28.31831831831832,-48.777875001992584
-28.28828828828829,-53.20836407214895
-28.25825825825826,-50.3166751923783
-28.22822822822823,-55.12159634423263
-28.1981981981982,-59.045110625731795
-28.16816816816817,-59.30696377680743
-28.13813813813814,-55.06910979532283
-28.10810810810811,-55.21831110859509
-28.07807807807808,-59.489558484784055
-28.04804804804805,-55.63490790065682
-28.01801801801802,-63.30419990743422
-27.98798798798799,-59.281642896537655
-27.95795795795796,-63.474957238380014
-27.92792792792793,-62.550595949761295
-27.8978978978979,-61.20067741271684
-27.86786786786787,-64.66643958017619
-27.83783783783784,-63.97566636225372
-27.80780780780781,-60.534330156795136
-27.77777777777778,-66.00943657722334
-27.74774774774775,-62.49151596916926
-27.71771771771772,-69.10175909089163
-27.68768768768769,-64.83142354681553
-27.65765765765766,-62.79841607211647
-27.62762762762763,-75.23436708184843
-27.5975975975976,-70.90039481478951
-27.56756756756757,-67.46267051621302
-27.53753753753754,-70.48104239336566
-27.50750750750751,-69.43026909448136
-27.47747747747748,-73.02118410325005
-27.44744744744745,-71.6086431244352
-27.41741741741742,-72.98823158221596
-27.38738738738739,-69.66418642518845
-27.35735735735736,-73.0440906333302
-27.32732732732733,-73.42779660261627
-27.2972972972973,-76.30286142363975
-27.26726726726727,-77.1499938727166
-27.237237237237238,-77.5980580006116
-27.207207207207208,-75.7234442302968
-27.177177177177178,-78.7693263304209
-27.147147147147148,-77.22972219390249
-27.117117117117118,-72.45856714122273
-27.087087087087088,-76.65011496387336
-27.057057057057058,-80.81322446394412
-27.027027027027028,-76.79607127020215
-26.996996996996998,-82.18134245313901
-26.966966966966968,-87.6216877541598
-26.936936936936938,-85.07451644346091
-26.906906906906908,-88.19827385943186
-26.876876876876878,-84.16872868369329
-26.846846846846848,-83.579825759009
-26.816816816816818,-79.11921779317915
-26.786786786786788,-83.67370691171357
-26.756756756756758,-85.81021535975768
-26.726726726726728,-83.1555428457841
-26.696696696696698,-92.76038872094666
-26.666666666666668,-85.89569670411812
-26.636636636636638,-84.75779443485185
-26.606606606606608,-91.96624880512084
-26.576576576576578,-84.5515374520221
-26.546546546546548,-87.41178907839452
-26.516516516516518,-90.109750406938
-26.486486486486488,-87.39424021663795
-26.456456456456458,-82.90125902081822
-26.426426426426428,-89.58050578941894
-26.396396396396398,-89.78618819935863
-26.366366366366368,-92.30562048000958
-26.336336336336338,-93.86566582569266
-26.306306306306308,-89.20559272996859
-26.276276276276278,-94.63715778301292
-26.246246246246248,-92.21831924607268
-26.216216216216218,-94.22187506994626
-26.186186186186188,-91.69958946874624
-26.156156156156158,-92.47487935085422
-26.126126126126128,-90.69426285684287
-26.096096096096097,-95.6595997495145
-26.066066066066067,-95.25346534396297
-26.036036036036037,-97.6860158193899
-26.006006006006007,-96.3800555102395
-25.975975975975977,-94.20426575860836
-25.945945945945944,-93.34570762398903
-25.915915915915917,-98.65516544499786
-25.885885885885884,-93.5433132643956
-25.855855855855857,-92.34012110520021
-25.825825825825824,-95.41305304613304
-25.795795795795797,-91.26069088594073
-25.765765765765764,-99.44154282434839
-25.735735735735737,-101.07459218553448
-25.705705705705704,-102.88857799489672
-25.675675675675677,-93.26739096030107
-25.645645645645644,-95.98683296904947
-25.615615615615617,-98.3023720880873
-25.585585585585584,-97.47266590061096
-25.555555555555557,-101.85724244311591
-25.525525525525524,-91.302957730721
-25.495495495495497,-98.4032091480921
-25.465465465465464,-98.60455458153469
-25.435435435435437,-96.88849998524708
-25.405405405405403,-97.74701583067757
-25.375375375375377,-98.63380684119937
-25.345345345345343,-101.78345911532986
-25.315315315315317,-98.0953594736186
-25.285285285285283,-93.95256311448533
-25.255255255255257,-95.64238387723849
-25.225225225225223,-94.97021977953177
-25.195195195195197,-101.34568423310817
-25.165165165165163,-102.8342255684214
-25.135135135135137,-100.28725738076709
-25.105105105105103,-99.77831504604085
-25.075075075075077,-96.68961287162603
-25.045045045045043,-105.06738106581935
-25.015015015015017,-95.41023648918957
-24.984984984984983,-100.47291114330838
-24.954954954954957,-101.27063038651714
-24.924924924924923,-103.00850055281938
-24.894894894894897,-104.91005979850424
-24.864864864864863,-97.4403848685824
-24.834834834834837,-99.64545720608045
-24.804804804804803,-103.68191990303777
-24.774774774774777,-103.63501597564084
-24.744744744744743,-100.68599811357382
-24.714714714714717,-94.59157202804225
-24.684684684684683,-100.28853859911742
-24.654654654654657,-103.92146460834823
-24.624624624624623,-100.0426881062946
-24.594594594594597,-100.0082142351307
-24.564564564564563,-107.1564597857679
-24.534534534534536,-99.0956235649028
-24.504504504504503,-99.48367628464383
-24.474474474474476,-96.5515945751312
-24.444444444444443,-92.93390701638475
-24.414414414414416,-94.93287669092715
-24.384384384384383,-98.94228414702044
-24.354354354354356,-101.26950766433666
-24.324324324324323,-90.03544448501901
-24.294294294294296,-97.37476194614041
-24.264264264264263,-97.29884019986143
-24.234234234234236,-97.19255048836766
-24.204204204204203,-96.29682404131138
-24.174174174174176,-97.08643899157597
-24.144144144144143,-98.12802070225578
-24.114114114114116,-97.79270784843376
-24.084084084084083,-95.98692928311296
-24.054054054054056,-97.24694778732639
-24.024024024024023,-97.47470458577443
-23.993993993993996,-94.72788504693547
-23.963963963963963,-95.51465632430553
-23.933933933933936,-89.93186157233482
-23.903903903903903,-102.08245997812936
-23.873873873873876,-90.53236213384923
-23.843843843843842,-89.73761008922219
-23.813813813813816,-99.35669964320988
-23.783783783783782,-93.81696551189198
-23.753753753753756,-93.54734055571824
-23.723723723723722,-96.29144138943975
-23.693693693693696,-94.03005024237399
-23.663663663663662,-94.64786025369581
-23.633633633633636,-85.67072645111803
-23.603603603603602,-87.72381477881727
-23.573573573573572,-86.31143926961195
-23.543543543543542,-87.54832140210172
-23.513513513513512,-92.67974112860851
-23.483483483483482,-90.4374474640749
-23.453453453453452,-86.95915461719397
-23.423423423423422,-91.64918300831879
-23.393393393393392,-85.39149477726413
-23.363363363363362,-87.7913662109871
-23.333333333333332,-87.72700280109262
-23.303303303303302,-83.99410288931259
-23.273273273273272,-84.31096965487647
-23.243243243243242,-86.23581227078833
-23.213213213213212,-81.1764996229133
-23.183183183183182,-87.3917197128047
-23.153153153153152,-81.78727407574483
-23.123123123123122,-81.33488445766417
-23.093093093093092,-83.51453741429623
-23.063063063063062,-81.0718584439824
-23.033033033033032,-85.2606548777821
-23.003003003003002,-78.18503527645368
-22.972972972972972,-80.95441944602298
-22.942942942942942,-81.40332292899772
-22.912912912912912,-76.1164613966578
-22.882882882882882,-80.79780060878727
-22.852852852852852,-82.32443065368238
-22.822822822822822,-82.1762604085319
-22.792792792792792,-75.08877080339475
-22.762762762762762,-80.14167149464154
-22.73273273273273,-70.42279265454604
-22.7027027027027,-81.3130187489236
-22.67267267267267,-69.35123548397179
-22.64264264264264,-73.17430076162601
-22.61261261261261,-73.457671945779
-22.58258258258258,-74.15595713646658
-22.55255255255255,-70.67100414379765
-22.52252252252252,-71.32213265037707
-22.49249249249249,-67.23380106854569
-22.46246246246246,-69.52922328925065
-22.43243243243243,-68.74298161336897
-22.4024024024024,-69.60054568501965
-22.37237237237237,-67.99027045262979
-22.34234234234234,-66.19971662741413
-22.31231231231231,-71.55134125853128
-22.28228228228228,-69.75719479323601
-22.25225225225225,-62.76880002329649
-22.22222222222222,-63.76616465427017
-22.19219219219219,-64.10515859349645
-22.16216216216216,-62.76669793036801
-22.13213213213213,-61.04245436823933
-22.1021021021021,-62.96215246759427
-22.07207207207207,-62.930001802561776
-22.04204204204204,-59.25437287379962
-22.01201201201201,-62.01852183344083
-21.98198198198198,-57.09488145348394
-21.95195195195195,-62.65843608970256
-21.92192192192192,-53.689141697493845
-21.89189189189189,-54.57968616652035
-21.86186186186186,-54.445275432365435
-21.83183183183183,-51.47626351132134
-21.8018018018018,-48.63404099035053
-21.77177177177177,-49.788708679550716
-21.74174174174174,-57.551093892152736
-21.71171171171171,-55.05922369551854
-21.68168168168168,-52.28241131221945
-21.65165165165165,-49.51265871780643
-21.62162162162162,-47.216517319956004
-21.59159159159159,-50.1209476683414
-21.56156156156156,-46.55337061487052
-21.53153153153153,-48.54558109378986
-21.5015015015015,-47.27562805346353
-21.47147147147147,-48.81865585905231
-21.44144144144144,-46.522000784023135
-21.41141141141141,-46.95708922308158
-21.38138138138138,-44.97557108585339
-21.35135135135135,-38.02919943457573
-21.32132132132132,-43.17682891489397
-21.29129129129129,-31.566404080431866
-21.26126126126126,-37.11500219689018
-21.23123123123123,-37.16841805919237
-21.2012012012012,-39.42261282156866
-21.17117117117117,-33.867943326226566
-21.14114114114114,-36.813918563846286
-21.11111111111111,-33.83598488863081
-21.08108108108108,-25.633725859399334
-21.05105105105105,-32.711159247611036
-21.02102102102102,-28.08127387869315
-20.99099099099099,-32.74193123605605
-20.96096096096096,-29.837949138208103
-20.93093093093093,-23.51851712031566
-20.9009009009009,-29.807189502646263
-20.87087087087087,-21.581826414387486
-20.84084084084084,-23.986395234842398
-20.81081081081081,-26.885206466195264
-20.78078078078078,-22.386495320692124
-20.75075075075075,-20.44980624754505
-20.72072072072072,-20.583710977105696
-20.69069069069069,-26.239488234180367
-20.66066066066066,-22.787982668643856
-20.63063063063063,-20.42505005342507
-20.6006006006006,-18.979965624883896
-20.57057057057057,-15.967150823145548
-20.54054054054054,-16.36697902938507
-20.51051051051051,-19.975525854885284
-20.48048048048048,-13.896888628375763
-20.45045045045045,-12.272375956640468
-20.42042042042042,-11.490157539769186
-20.39039039039039,-8.991410261181915
-20.36036036036036,-8.795120679260572
-20.33033033033033,-8.981476145538561
-20.3003003003003,-9.630720767138534
-20.27027027027027,-13.463475248098977
-20.24024024024024,-6.251351800842424
-20.21021021021021,-5.976086301172677
-20.18018018018018,-4.842768406793104
-20.15015015015015,-8.545602662691511
-20.12012012012012,-7.015958889096548
-20.09009009009009,0.32957275168691913
-20.06006006006006,-2.005395940016595
-20.03003003003003,1.1010948695281608
-20.0,0.08495512839140801
-19.96996996996997,1.032675641076908
-19.93993993993994,4.70158189637476
-19.90990990990991,1.2817516236596296
-19.87987987987988,4.061151598694671
-19.84984984984985,3.3285310691154155
-19.81981981981982,4.354016236082326
-19.78978978978979,5.671632992256053
-19.75975975975976,8.206607773141279
-19.72972972972973,7.044346582560531
-19.6996996996997,13.187492009483202
-19.66966966966967,7.675194476565407
-19.63963963963964,10.736272210423168
-19.60960960960961,10.914559263023218
-19.57957957957958,17.510462536623557
-19.54954954954955,14.693797522026623
-19.51951951951952,18.133015799799516
-19.48948948948949,11.512811659644026
-19.45945945945946,17.701232829792744
-19.42942942942943,20.498059502667854
-19.3993993993994,19.003517305409993
-19.36936936936937,22.878935271966572
-19.33933933933934,19.05470579086818
-19.30930930930931,25.756856395065697
-19.27927927927928,29.345835234615
-19.24924924924925,22.278953915106225
-19.21921921921922,22.947210973656418
-19.18918918918919,29.557959569865524
-19.15915915915916,30.84836747840093
-19.12912912912913,25.450592006918434
-19.0990990990991,26.665727877995433
-19.06906906906907,27.985565200640636
-19.03903903903904,25.699632133614347
-19.00900900900901,27.876446121225754
-18.97897897897898,28.516671557294018
-18.94894894894895,30.119586853124662
-18.91891891891892,33.209924812045344
-18.88888888888889,34.90465853017643
-18.85885885885886,39.73850656357532
-18.82882882882883,32.973810842237135
-18.7987987987988,39.80050667645473
-18.76876876876877,37.08095989760043
-18.73873873873874,38.4465647705756
-18.70870870870871,41.48800875144381
-18.67867867867868,36.9604661837112
-18.64864864864865,42.33735406295136
-18.61861861861862,42.547307951560605
-18.58858858858859,44.37938919825699
-18.55855855855856,44.61980697741384
-18.52852852852853,51.96457298824029
-18.4984984984985,43.52785469173378
-18.46846846846847,44.686441431724404
-18.43843843843844,45.244249329027426
-18.40840840840841,46.277284871400205
-18.37837837837838,46.85733299944395
-18.34834834834835,53.157981461761544
-18.31831831831832,54.66946832310202
-18.28828828828829,49.50825391406297
-18.25825825825826,49.53140447884524
-18.22822822822823,54.246065543764274
-18.1981981981982,51.97379519089531
-18.16816816816817,56.32313191642438
-18.13813813813814,55.82213369786093
-18.10810810810811,51.45024626876774
-18.07807807807808,61.41912421346093
-18.04804804804805,62.93831829627558
-18.01801801801802,56.48127364917416
-17.98798798798799,57.92029882078789
-17.95795795795796,60.69950481126735
-17.92792792792793,61.59845799631588
-17.8978978978979,63.31850624468465
-17.86786786786787,68.11581310062343
-17.83783783783784,62.291158047082014
-17.80780780780781,61.15831685082302
-17.77777777777778,60.14080328461037
-17.74774774774775,62.80580218553891
-17.71771771771772,65.61325760829745
-17.68768768768769,71.80450967111472
-17.65765765765766,65.57028803698176
-17.62762762762763,68.49079743638332
-17.5975975975976,68.4604403601598
-17.56756756756757,72.75906671809882
-17.53753753753754,77.4527035128576
-17.50750750750751,68.95110039583439
-17.47747747747748,69.74091021554783
-17.44744744744745,75.00089511806104
-17.41741741741742,74.56687434491865
-17.38738738738739,78.70765458737596
-17.35735735735736,75.55913771921173
-17.32732732732733,73.3627283164807
-17.2972972972973,76.83919501734933
-17.26726726726727,79.0132859422479
-17.237237237237238,78.76182998074475
-17.207207207207208,78.42862275075353
-17.177177177177178,80.70639695672763
-17.147147147147145,81.60693353592886
-17.117117117117118,82.83124651027155
-17.087087087087085,81.20961873693747
-17.057057057057058,79.33379962649003
-17.027027027027025,80.83985409599411
-16.996996996996998,84.57664323359943
-16.966966966966964,79.05650713566457
-16.936936936936938,83.15627743732743
-16.906906906906904,81.4058816593723
-16.876876876876878,83.20042270037375
-16.846846846846844,87.47043648439954
-16.816816816816818,84.72182693406471
-16.786786786786784,84.79379867747456
-16.756756756756758,81.07334535039132
-16.726726726726724,87.88252028741627
-16.696696696696698,88.06343533734632
-16.666666666666664,93.09230454836029
-16.636636636636638,86.14705531165373
-16.606606606606604,88.18794105077312
-16.576576576576578,88.7309506327752
-16.546546546546544,93.15963814016827
-16.516516516516518,88.5780000680747
-16.486486486486484,90.1296503922679
-16.456456456456458,91.53702712338102
-16.426426426426424,90.68593192406361
-16.396396396396398,89.19154911460805
-16.366366366366364,91.5098077600838
-16.336336336336338,94.53702796687763
-16.306306306306304,88.61705428136821
-16.276276276276278,92.4678153277269
-16.246246246246244,90.33265551291333
-16.216216216216218,96.37404261642544
-16.186186186186184,88.56696823163412
-16.156156156156158,91.7991001249003
-16.126126126126124,94.93851831481015
-16.096096096096097,98.82612264065334
-16.066066066066064,94.24658975486395
-16.036036036036037,93.08412609196337
-16.006006006006004,100.69064693833293
-15.975975975975976,90.9921255364942
-15.945945945945946,89.02025560406484
-15.915915915915916,97.20871282262497
-15.885885885885886,94.64596835165474
-15.855855855855856,93.34333623022292
-15.825825825825826,98.77842709770219
-15.795795795795796,97.62248046492854
-15.765765765765765,95.42793933482744
-15.735735735735735,93.49971487958757
-15.705705705705705,100.1697892330243
-15.675675675675675,99.70612742864459
-15.645645645645645,97.6524023467735
-15.615615615615615,103.67552906349894
-15.585585585585585,95.10231748059196
-15.555555555555555,93.9041997884466
-15.525525525525525,96.56448945992773
-15.495495495495495,98.65411464495132
-15.465465465465465,99.66275731331741
-15.435435435435435,98.34209168337418
-15.405405405405405,100.24620971543058
-15.375375375375375,95.55084064146544
-15.345345345345345,103.74332956121371
-15.315315315315315,99.26331100984889
-15.285285285285285,102.95052409867482
-15.255255255255255,100.70682005483654
-15.225225225225225,101.12003931691132
-15.195195195195195,101.52133904451124
-15.165165165165165,101.20853678769758
-15.135135135135135,101.83806490007078
-15.105105105105105,103.93294737330423
-15.075075075075075,100.56175093614328
-15.045045045045045,102.11699844944043
-15.015015015015015,99.72968036470972
-14.984984984984985,104.31923909391982
-14.954954954954955,97.96081027049708
-14.924924924924925,105.37500872577132
-14.894894894894895,99.8250159309739
-14.864864864864865,95.617571314114
-14.834834834834835,100.24972435237801
-14.804804804804805,97.76888223138998
-14.774774774774775,102.27171030641614
-14.744744744744745,97.72077207779625
-14.714714714714715,98.2600863042661
-14.684684684684685,93.84114235219002
-14.654654654654655,98.05511679124669
-14.624624624624625,92.0338209341499
-14.594594594594595,94.43833505543051
-14.564564564564565,101.34704382537608
-14.534534534534535,101.29013944130186
-14.504504504504505,100.06724537937271
-14.474474474474475,95.73928524018382
-14.444444444444445,98.33764123279487
-14.414414414414415,98.30176416229871
-14.384384384384385,94.66052400777832
-14.354354354354355,102.4601248434131
-14.324324324324325,100.38761076649564
-14.294294294294295,96.88952472669487
-14.264264264264265,97.42128559258386
-14.234234234234235,97.7453236508803
-14.204204204204204,90.76587371834208
-14.174174174174174,95.91182560824234
-14.144144144144144,94.36108193762168
-14.114114114114114,93.14727099502781
-14.084084084084084,95.0453685938071
-14.054054054054054,101.00973305447366
-14.024024024024024,97.25869582154397
-13.993993993993993,93.33363876066275
-13.963963963963963,96.46747301611143
-13.933933933933933,98.64190684784087
-13.903903903903903,96.90345160168863
-13.873873873873872,93.9857737993771
-13.843843843843842,91.53505533359836
-13.813813813813812,95.23119888682618
-13.783783783783782,93.96935888591614
-13.753753753753752,95.118597617814
-13.723723723723722,93.9744217103322
-13.693693693693692,94.84525832555934
-13.663663663663662,89.71042708261659
-13.633633633633632,94.8797199782918
-13.603603603603602,91.12364877233686
-13.573573573573572,96.35188717247027
-13.543543543543542,87.64577413996267
-13.513513513513512,94.50047722445258
-13.483483483483482,89.45761901562348
-13.453453453453452,86.4730242900344
-13.423423423423422,86.53114207947996
-13.393393393393392,86.56944814319833
-13.363363363363362,88.34288785571847
-13.333333333333332,88.17104684255035
-13.303303303303302,84.40588278210733
-13.273273273273272,85.57069581255165
-13.243243243243242,91.5797248491667
-13.213213213213212,89.83711854330818
-13.183183183183182,85.45750073902707
-13.153153153153152,83.7490913310822
-13.123123123123122,83.47428221172413
-13.093093093093092,84.42645201454556
-13.063063063063062,78.9818798151135
-13.033033033033032,80.73518453635616
-13.003003003003002,75.95136411244164
-12.972972972972972,81.5973824045099
-12.942942942942942,81.77674168654879
-12.912912912912912,77.81392968727036
-12.882882882882882,83.40672982702905
-12.852852852852852,74.4217497755847
-12.822822822822822,73.11324824733069
-12.792792792792792,77.5801561131116
-12.762762762762762,79.44167834498917
-12.732732732732732,80.73895827487276
-12.702702702702702,73.69057773666557
-12.672672672672672,77.67664708913577
-12.642642642642642,73.69182775473176
-12.612612612612612,72.64965071034537
-12.582582582582582,75.17217968849974
-12.552552552552552,73.8253811220941
-12.522522522522522,66.48005207214976
-12.492492492492492,74.97332776377297
-12.462462462462462,74.01218029767907
-12.432432432432432,67.31719879322603
-12.402402402402402,69.69711964869029
-12.372372372372372,69.30152414031484
-12.342342342342342,67.90514323156198
-12.312312312312311,64.76992061902514
-12.282282282282281,63.697768423104684
-12.252252252252251,64.92193009239034
-12.222222222222221,67.79694802643199
-12.192192192192191,65.1840090482217
-12.162162162162161,61.71015673330589
-12.132132132132131,64.40029561626939
-12.102102102102101,52.797245564775935
-12.072072072072071,64.04138472747113
-12.042042042042041,54.62276730275837
-12.012012012012011,57.99608067638641
-11.981981981981981,54.96063003674889
-11.951951951951951,53.66664084982631
-11.921921921921921,60.25908897160631
-11.891891891891891,54.59437500982386
-11.861861861861861,56.252876280499144
-11.831831831831831,54.28357472652035
-11.801801801801801,55.0615868054076
-11.771771771771771,53.06228454778592
-11.741741741741741,48.179494525592176
-11.711711711711711,54.209293253652866
-11.681681681681681,48.92668582964849
-11.651651651651651,44.921186172459684
-11.621621621621621,47.485148898465695
-11.591591591591591,52.4459956007839
-11.561561561561561,49.66433613464225
-11.531531531531531,45.23347589350633
-11.501501501501501,44.39330153153245
-11.471471471471471,43.63376741485547
-11.441441441441441,49.98254499637295
-11.411411411411411,44.047841762927334
-11.381381381381381,43.33807626849461
-11.35135135135135,44.280975186494786
-11.32132132132132,41.04499972547765
-11.29129129129129,38.68642383748198
-11.26126126126126,38.005906352277925
-11.23123123123123,37.508122652034814
-11.2012012012012,36.735872771495465
-11.17117117117117,38.15176159536453
-11.14114114114114,35.242842742554956
-11.11111111111111,36.399934564213645
-11.08108108108108,33.07182973387999
-11.05105105105105,32.65888511938537
-11.02102102102102,25.534491803953912
-10.99099099099099,33.381384984785804
-10.96096096096096,30.772449094411208
-10.93093093093093,31.824949356801163
-10.9009009009009,19.237522194701945
-10.87087087087087,33.28429620272034
-10.84084084084084,25.690882156743278
-10.81081081081081,28.522354588725022
-10.78078078078078,21.164000756482107
-10.75075075075075,25.20579131161292
-10.72072072072072,19.288894174236287
-10.69069069069069,19.65750719242159
-10.66066066066066,26.34866520276962
-10.63063063063063,19.11044694448049
-10.6006006006006,19.408963957122896
-10.57057057057057,20.43937030786381
-10.54054054054054,18.387127696102702
-10.51051051051051,16.420749494185635
-10.48048048048048,16.13236518879234
-10.45045045045045,21.314379948206735
-10.42042042042042,12.996672492461608
-10.39039039039039,12.837049577990609
-10.36036036036036,14.448850330930131
-10.33033033033033,13.675594182097878
-10.3003003003003,12.98131454944379
-10.27027027027027,10.396783113638435
-10.24024024024024,4.111191720048699
-10.21021021021021,11.499443959565312
-10.18018018018018,2.218468739323172
-10.15015015015015,5.62326333094765
-10.12012012012012,1.5099617178136548
-10.09009009009009,2.637470768532826
-10.06006006006006,2.873017709357172
-10.03003003003003,1.907478868940455
-10.0,1.265762262705842
-9.96996996996997,3.8977265845862368
-9.93993993993994,-0.5261275739047713
-9.90990990990991,-3.5623557141837736
-9.87987987987988,-0.8805277630066368
-9.84984984984985,-1.1469454684566527
-9.81981981981982,-9.340328363790192
-9.78978978978979,-4.806949153112473
-9.75975975975976,-5.436688231307435
-9.72972972972973,-9.373282957630927
-9.6996996996997,-5.293103192827772
-9.66966966966967,-10.809183144321532
-9.63963963963964,-10.92015778249265
-9.60960960960961,-12.75296791069734
-9.57957957957958,-13.12279174081794
-9.54954954954955,-17.39295845317754
-9.51951951951952,-19.357634829176526
-9.48948948948949,-11.185977589080014
-9.45945945945946,-19.44096607713985
-9.42942942942943,-20.80334416416654
-9.3993993993994,-25.21683567839485
-9.36936936936937,-21.59937938983906
-9.33933933933934,-24.575840521391736
-9.30930930930931,-16.602768594099924
-9.27927927927928,-19.419689595729334
-9.24924924924925,-25.431920631958405
-9.21921921921922,-17.526411121825756
-9.18918918918919,-22.25250967753776
-9.15915915915916,-27.084145191734688
-9.12912912912913,-34.517389232998944
-9.0990990990991,-21.05346061151077
-9.06906906906907,-32.99963642751297
-9.03903903903904,-34.66917990758789
-9.00900900900901,-27.564690664649415
-8.97897897897898,-24.209836638532394
-8.94894894894895,-28.27016109290552
-8.91891891891892,-31.62225211404863
-8.88888888888889,-32.41775130757103
-8.85885885885886,-32.52675840879211
-8.82882882882883,-33.69208719509328
-8.7987987987988,-36.00396520911685
-8.76876876876877,-37.41032311842136
-8.73873873873874,-38.78273528323142
-8.70870870870871,-41.7254440415441
-8.67867867867868,-41.1706574789984
-8.64864864864865,-46.2689952669854
-8.618618618618619,-42.34297020730563
-8.588588588588589,-45.86780872768541
-8.558558558558559,-47.06306899733772
-8.528528528528529,-44.05899011504716
-8.498498498498499,-41.265067785453915
-8.468468468468469,-43.524482478722945
-8.438438438438439,-51.82517271917128
-8.408408408408409,-50.91260063859197
-8.378378378378379,-45.94718081739876
-8.348348348348349,-52.53839404905388
-8.318318318318319,-51.081855029123524
-8.288288288288289,-49.57033649823778
-8.258258258258259,-54.93350456274877
-8.228228228228229,-52.51569235616726
-8.198198198198199,-57.63254080849283
-8.168168168168169,-56.22843939501153
-8.138138138138139,-54.25401883287937
-8.108108108108109,-60.77645981435452
-8.078078078078079,-55.45518439558954
-8.048048048048049,-57.60959867376904
-8.018018018018019,-56.66216985737587
-7.987987987987989,-58.411661098401815
-7.957957957957959,-55.749487349171126
-7.927927927927929,-60.21941411841107
-7.897897897897899,-62.631090050041905
-7.867867867867869,-61.718306975227485
-7.837837837837839,-61.19210564245502
-7.807807807807809,-63.40662837346126
-7.777777777777779,-64.15698589504227
-7.7477477477477485,-67.10456736878491
-7.7177177177177185,-67.70134127957168
-7.6876876876876885,-70.62865189596047
-7.6576576576576585,-61.874391704529444
-7.6276276276276285,-71.55102328764046
-7.5975975975975985,-70.5884246417658
-7.567567567567568,-71.34910869446217
-7.537537537537538,-67.1871331044034
-7.507507507507508,-71.4285557494714
-7.477477477477478,-67.46600232508132
-7.447447447447448,-73.88888435958542
-7.417417417417418,-71.6842173893683
-7.387387387387388,-75.6735737699471
-7.357357357357358,-67.37190577991372
-7.327327327327328,-78.00339984593042
-7.297297297297298,-74.13776839459133
-7.267267267267268,-73.78584455770284
-7.237237237237238,-75.05898614479821
-7.207207207207208,-77.4626636340648
-7.177177177177178,-77.89583498716041
-7.147147147147148,-77.9676123486544
-7.117117117117118,-79.12577554204444
-7.087087087087088,-76.37185172378373
-7.057057057057058,-73.20358486266653
-7.027027027027028,-82.07218839171753
-6.996996996996998,-85.06652527281162
-6.966966966966968,-81.77216029367996
-6.936936936936938,-74.31112949774577
-6.906906906906908,-84.9969218002635
-6.876876876876878,-78.19683781523713
-6.846846846846848,-78.60197845434827
-6.816816816816818,-85.80929445512899
-6.786786786786788,-82.9475397954502
-6.756756756756758,-80.26772390394551
-6.726726726726728,-86.781142812297
-6.696696696696698,-86.73772387423014
-6.666666666666668,-88.3475831202898
-6.636636636636638,-90.11466020859133
-6.606606606606608,-89.4783227029793
-6.576576576576578,-91.65462038192967
-6.546546546546548,-88.32502789610008
-6.516516516516518,-91.1738063584115
-6.486486486486488,-88.59122807958458
-6.456456456456458,-94.38102453284228
-6.426426426426428,-89.13346385795107
-6.396396396396398,-88.03026307343288
-6.366366366366368,-96.9087447091032
-6.336336336336338,-90.19396300775558
-6.306306306306308,-88.01359320218144
-6.276276276276278,-95.69782936135991
-6.246246246246248,-87.41530079721771
-6.216216216216218,-91.53184570155278
-6.1861861861861875,-95.25156451326063
-6.1561561561561575,-93.6431728996882
-6.1261261261261275,-92.13190195205141
-6.0960960960960975,-93.90153437871307
-6.0660660660660675,-92.82757256074376
-6.0360360360360374,-97.51174545128107
-6.006006006006007,-94.5390932579029
-5.975975975975977,-99.57731072845786
-5.945945945945947,-95.95035165797118
-5.915915915915917,-98.60039239685932
-5.885885885885887,-98.35872085248184
-5.855855855855857,-92.69875515598375
-5.825825825825827,-93.37942739402132
-5.795795795795797,-95.06366396089342
-5.765765765765767,-100.39711352105536
-5.735735735735737,-98.28985342468465
-5.705705705705707,-93.91312414824631
-5.675675675675677,-97.33037315384888
-5.645645645645647,-90.99194131816655
-5.615615615615617,-96.95566455717284
-5.585585585585587,-97.73642443010033
-5.555555555555557,-99.4081246938283
-5.525525525525527,-98.23959095522459
-5.495495495495497,-99.24828220315942
-5.465465465465467,-96.80841293528357
-5.435435435435437,-96.1956929065594
-5.405405405405407,-101.54801190741154
-5.375375375375377,-103.2991577747101
-5.345345345345347,-104.9206518683038
-5.315315315315317,-97.98579056428896
-5.285285285285287,-102.90873642243206
-5.255255255255257,-106.13731579456088
-5.225225225225227,-98.58404384585708
-5.195195195195197,-92.33303865151626
-5.165165165165167,-99.88362384226532
-5.135135135135137,-97.39442429711322
-5.105105105105107,-99.70000170726424
-5.075075075075077,-100.2688563866123
-5.045045045045047,-97.23275772771159
-5.015015015015017,-100.86971108013736
-4.984984984984987,-45.318509144930296
-4.954954954954957,15.328173051239403
-4.924924924924927,-22.25857353107289
-4.894894894894897,-114.58730224942893
-4.864864864864867,-196.60616544252366
-4.834834834834837,-195.57037988370882
-4.804804804804807,-113.63864433352514
-4.774774774774777,-31.083305903698214
-4.744744744744747,-3.0889502731542673
-4.714714714714717,-57.028414447457095
-4.684684684684687,-139.4057251498705
-4.6546546546546566,-188.04878586112653
-4.6246246246246265,-161.47674698379447
-4.5945945945945965,-82.07391480069487
-4.5645645645645665,-18.905868343111297
-4.5345345345345365,-24.13727839827087
-4.5045045045045065,-87.37371784223943
-4.474474474474476,-159.21699845461677
-4.444444444444446,-177.44884640307168
-4.414414414414416,-132.0928854760098
-4.384384384384386,-65.41468240054762
-4.354354354354353,-27.588231570899367
-4.324324324324323,-49.22458226563185
-4.294294294294293,-108.1287007077629
-4.264264264264263,-157.58803058848443
-4.234234234234233,-152.87762585103516
-4.204204204204203,-105.05876064721869
-4.174174174174173,-57.63024891679914
-4.144144144144143,-39.736197822615786
-4.114114114114113,-71.2406445296237
-4.084084084084083,-127.16750043997534
-4.054054054054053,-149.66314077340073
-4.024024024024023,-128.40081642710487
-3.9939939939939926,-81.32587138540347
-3.9639639639639626,-47.96344610596771
-3.9339339339339325,-45.20535002651718
-3.9039039039039025,-87.57527931598474
-3.8738738738738725,-130.48323401539398
-3.8438438438438425,-142.01620661838857
-3.8138138138138125,-113.57846027582276
-3.7837837837837824,-71.83406559977271
-3.7537537537537524,-47.95099892495202
-3.7237237237237224,-62.27071886199266
-3.6936936936936924,-99.99369456775199
-3.6636636636636624,-127.46688001931854
-3.6336336336336323,-122.37650980468452
-3.6036036036036023,-92.1180925510342
-3.5735735735735723,-66.28710939182845
-3.5435435435435423,-60.71779253872017
-3.5135135135135123,-71.4403346891837
-3.4834834834834822,-110.65305149469975
-3.4534534534534522,-123.71901134131932
-3.423423423423422,-114.31203248486892
-3.393393393393392,-86.09739881477965
-3.363363363363362,-55.85886443289775
-3.333333333333332,-56.93125674076516
-3.303303303303302,-84.65756765219703
-3.273273273273272,-115.85905535902897
-3.243243243243242,-115.56316280552485
-3.213213213213212,-95.06688861793742
-3.183183183183182,-74.44513075210607
-3.153153153153152,-55.83373851500066
-3.123123123123122,-65.402211179976
-3.093093093093092,-86.46721771786615
-3.063063063063062,-105.05694011487515
-3.033033033033032,-105.85178385947647
-3.003003003003002,-79.65518382554153
-2.972972972972972,-63.077338014805775
-2.942942942942942,-57.33704041771661
-2.912912912912912,-73.14567063001057
-2.882882882882882,-91.31421898132555
-2.852852852852852,-102.20404842530067
-2.822822822822822,-91.84181550921626
-2.792792792792792,-67.16360972664894
-2.762762762762762,-61.96600061570073
-2.7327327327327318,-63.77273566686228
-2.7027027027027017,-69.03398215400398
-2.6726726726726717,-89.1811814000565
-2.6426426426426417,-93.53383038869875
-2.6126126126126117,-76.90662361879805
-2.5825825825825817,-65.31141994958159
-2.5525525525525516,-49.50725078183193
-2.5225225225225216,-58.42760680749602
-2.4924924924924916,-75.77964860460986
-2.4624624624624616,-77.9672304357197
-2.4324324324324316,-84.1123928059273
-2.4024024024024015,-67.41599707243402
-2.3723723723723715,-55.732933288835014
-2.3423423423423415,-49.31434307455368
-2.3123123123123115,-56.4641461880963
-2.2822822822822815,-72.82512706551582
-2.2522522522522515,-80.54587371052831
-2.2222222222222214,-71.25775925342725
-2.1921921921921914,-62.50342169146157
-2.1621621621621614,-45.281478018224
-2.1321321321321314,-51.43248230545004
-2.1021021021021014,-61.659301766561725
-2.0720720720720713,-68.91014845216937
-2.0420420420420413,-74.79179113226975
-2.0120120120120113,-66.0482582946085
-1.9819819819819813,-48.9636548305346
-1.9519519519519513,-49.065410655699495
-1.9219219219219212,-53.41776792452377
-1.8918918918918912,-56.903323271028
-1.8618618618618612,-60.73446652402475
-1.8318318318318312,-60.274911416264814
-1.8018018018018012,-51.16790065160376
-1.7717717717717711,-48.0728197151373
-1.7417417417417411,-47.73607967417677
-1.711711711711711,-43.60735591208235
-1.681681681681681,-55.96874208379467
-1.651651651651651,-58.57079982863047
-1.621621621621621,-49.837619163540225
-1.591591591591591,-44.224903085071155
-1.561561561561561,-38.58053449637203
-1.531531531531531,-33.525491518839246
-1.501501501501501,-47.027126386072986
-1.471471471471471,-47.38560633314421
-1.441441441441441,-50.29431495779766
-1.411411411411411,-44.48145509699192
-1.381381381381381,-33.7982666496153
-1.3513513513513509,-33.1934123301524
-1.3213213213213209,-34.78670291418266
-1.2912912912912908,-37.914488656604725
-1.2612612612612608,-45.34497630855764
-1.2312312312312308,-45.132167747281166
-1.2012012012012008,-40.19874042302334
-1.1711711711711708,-37.45426583873059
-1.1411411411411407,-23.652936364786356
-1.1111111111111107,-35.68314120699157
-1.0810810810810807,-36.90039720635818
-1.0510510510510507,-38.34601347541982
-1.0210210210210207,-33.65832525314491
-0.9909909909909906,-26.82899553418499
-0.9609609609609606,-22.688825749013652
-0.9309309309309306,-26.757649112715182
-0.9009009009009006,-28.29978093954632
-0.8708708708708706,-29.66804899657853
-0.8408408408408405,-30.985330634782528
-0.8108108108108105,-21.776434682912296
-0.7807807807807805,-20.480322195882387
-0.7507507507507505,-17.1567523448459
-0.7207207207207205,-18.089970845738414
-0.6906906906906904,-19.10950661583753
-0.6606606606606604,-23.584895285818735
-0.6306306306306304,-26.559656893166892
-0.6006006006006004,-17.624649077419633
-0.5705705705705704,-17.013529670104127
-0.5405405405405403,-15.247461407882426
-0.5105105105105103,-13.138324265496655
-0.4804804804804803,-13.180393938488054
-0.4504504504504503,-17.191419633445694
-0.42042042042042027,-14.084131508120423
-0.39039039039039025,-6.234054417086606
-0.36036036036036023,-7.796301062263595
-0.3303303303303302,-0.22067869114181704
-0.3003003003003002,-7.697329103946355
-0.2702702702702702,-15.956490267566474
-0.24024024024024015,-7.819569315211536
-0.21021021021021014,-6.275552363241411
-0.18018018018018012,-0.30771002451010787
-0.1501501501501501,-0.21744374564702618
-0.12012012012012008,-2.7585957722290155
-0.09009009009009006,-7.226357717382997
-0.06006006006006004,-4.705643726773919
-0.03003003003003002,-5.317570616031917
0.0,-1.741570349414168
