RUL_Years,Prior_PDF,Intermediate_PDF,Posterior_PDF
5.0,0.0041784122434091455,3.764611660489869e-05,7.505515001960691e-19
5.030060120240481,0.004271561419987463,4.0353332044395836e-05,1.0785777065875161e-18
5.060120240480962,0.004366465066963056,4.3243167463485684e-05,1.5474788519879394e-18
5.090180360721443,0.004463148008391765,4.6327031492784955e-05,2.2166664428022258e-18
5.1202404809619235,0.004561635220835207,4.9616979963677745e-05,3.1701390497522097e-18
5.150300601202405,0.004661951829287187,5.3125748138456504e-05,4.526459280747916e-18
5.180360721442886,0.0047641231029546,5.6866784253335125e-05,6.452696889594946e-18
5.210420841683367,0.004868174450891695,6.0854284409477086e-05,9.18388111113102e-18
5.240480961923848,0.004974131417486398,6.510322884694269e-05,1.3050092259872051e-17
5.270541082164328,0.005082019677797297,6.962941963613115e-05,1.8514127575937147e-17
5.30060120240481,0.005191865032740407,7.444951982086541e-05,2.6223778200652554e-17
5.330661322645291,0.0053036934041243355,7.958109404671334e-05,3.708425980323948e-17
5.3607214428857715,0.0054175308295329,8.504265070749534e-05,5.235839292170228e-17
5.390781563126253,0.005533403457054236,9.085368564213745e-05,7.380492476699157e-17
5.420841683366733,0.005651337539855286,9.703472741312666e-05,1.038691832818353e-16
5.4509018036072145,0.005771359430601011,0.00010360738419678615,1.4594540723744296e-16
5.480961923847695,0.0058934955757172095,0.00011059439231439502,2.0473707273789413e-16
5.511022044088176,0.006017772509496473,0.000118019666431858,2.8675096458450016e-16
5.541082164328658,0.006144216848046369,0.00012590835145413298,4.0097345837748283e-16
5.571142284569138,0.00627285528307928,0.0001342868761389902,5.597946018041266e-16
5.601202404809619,0.006403714575543442,0.00014318300845285125,7.802685943417045e-16
5.6312625250501,0.006536821549094507,0.0001526259126894728,1.0858301309104454e-15
5.661322645290581,0.00667220308340732,0.0001626462083700762,1.5086274014041824e-15
5.6913827655310625,0.006809886107327632,0.00017327603094115335,2.0926877658865196e-15
5.721442885771543,0.006949897591863282,0.00018454909428364518,2.898205792623267e-15
5.751503006012024,0.007092264543014927,0.0001965007550444335,4.007341425317518e-15
5.781563126252505,0.007237013994445922,0.00020916807879812208,5.532046381053605e-15
5.811623246492986,0.007384172999991558,0.00022258990804393863,7.624609753534264e-15
5.841683366733466,0.007533768626007619,0.00023680693203917852,1.0491842657660888e-14
5.871743486973948,0.007685827943558348,0.0002518617584670339,1.4414124161150637e-14
5.901803607214429,0.007840378020444192,0.0002677989869327888,1.977092958490844e-14
5.9318637274549095,0.007997445913069492,0.00028466528427831944,2.707498726320541e-14
5.961923847695391,0.008157058658150591,0.0003025094617005284,3.701789963630523e-14
5.991983967935871,0.008319243264264916,0.00032138255365478775,5.0530969084716476e-14
6.022044088176353,0.008484026703241495,0.00034133789851970394,6.886615279653988e-14
6.052104208416834,0.008651435901393693,0.00036243122099445757,9.370361748352135e-14
6.082164328657314,0.008821497730594917,0.00038472071619471255,1.2729438112349406e-13
6.112224448897796,0.008994238999198188,0.0004082671354075393,1.7264915277338906e-13
6.142284569138276,0.009169686442800477,0.00043313387346000673,2.337878892968036e-13
6.1723446893787575,0.009347866714853032,0.000459387057650091,3.1606900521441447e-13
6.202404809619239,0.009528806377118707,0.0004870956381821984,4.266228867603698e-13
6.232464929859719,0.009712531889977696,0.0005163314800431151,5.749217403070179e-13
6.2625250501002006,0.009899069602583008,0.0005471694562473605,7.735273145858282e-13
6.292585170340681,0.010088445742867146,0.0005796875423738799,1.0390702664728833e-12
6.322645290581162,0.010280686407401688,0.0006139669123087516,1.3935306391873141e-12
6.352705410821644,0.010475817551111351,0.0006500920351009876,1.8659090335604577e-12
6.382765531062124,0.010673864976844421,0.0006881507728308302,2.4944037668515465e-12
6.412825651302605,0.01087485432480148,0.0007282344793818483,3.3292421244369474e-12
6.442885771543086,0.011078811061824363,0.0007704380999999839,4.436355592824728e-12
6.472945891783567,0.0112857604705477,0.000814860271514237,5.902142064797124e-12
6.5030060120240485,0.011495727638415044,0.000861603423085024,7.839625359823638e-12
6.533066132264529,0.011708737446562116,0.0009107738773374236,1.0396407656841144e-11
6.56312625250501,0.011924814558569636,0.0009624819517274699,1.3764918131547807e-11
6.593186372745491,0.012143983409088233,0.001016842059980492,1.8195596856932612e-11
6.623246492985972,0.012366268192338334,0.0010739728134311131,2.4013823831401485e-11
6.653306613226453,0.012591692850487664,0.001133997122085022,3.1641617445858386e-11
6.683366733466934,0.012820281061909378,0.0011970422952130317,4.1625395385416477e-11
6.713426853707414,0.013052056229323952,0.0012632401412781995,5.467142690404077e-11
6.7434869739478955,0.013287041467827896,0.0013327270669869012,7.169102457468201e-11
6.773547094188377,0.013525259592812608,0.0014056441752449433,9.385804552713544e-11
6.803607214428858,0.013766733107776902,0.0014821373617898085,1.2268192066186625e-10
6.833667334669339,0.014011484192036528,0.0015623574102601515,1.6010023436369533e-10
6.863727454909819,0.014259534688334479,0.0016464600854537124,2.0859587203671814e-10
6.8937875751503,0.0145109060903558,0.0017346062245148655,2.713449809759046e-10
6.923847695390782,0.014765619530150735,0.001826961825783134,3.524035031888613e-10
6.953907815631262,0.015023695765470335,0.0019236981350241786,4.5694189885191416e-10
6.9839679358717435,0.015285155167018475,0.002024991728755052,5.915399607318693e-10
7.014028056112224,0.015550017705624548,0.0021310245943659926,7.645564125664905e-10
7.044088176352705,0.0158183029393413,0.0022419842067315982,9.865913950130687e-10
7.074148296593187,0.016090030000472075,0.002358063600995019,1.2710640988708844e-09
7.104208416833668,0.016365217582532184,0.002479461441199941,1.6349328585253988e-09
7.134268537074148,0.016643883927149,0.0026063820844364053,2.099591148825429e-09
7.164328657314629,0.016926046810905628,0.0027390356401581304,2.691980348634498e-09
7.19438877755511,0.017211723532133003,0.0028776380243210786,3.445969094996768e-09
7.224448897795591,0.017500930897655427,0.0030224110079852635,4.404059848283735e-09
7.254509018036072,0.01779368520949478,0.0031735822600148433,5.61949626680053e-09
7.284569138276553,0.018090002251538513,0.0033313853835045017,7.158860553566571e-09
7.314629258517034,0.018389897276176796,0.0034960599455541577,9.105268559692785e-09
7.344689378757515,0.018693384990914406,0.0036678515000083648,1.1562292655588283e-08
7.374749498997996,0.01900047954496255,0.0038470116027715406,1.4658768847346015e-08
7.404809619238477,0.019311194515816765,0.004033797819305897,1.8554676053184983e-08
7.434869739478958,0.0196255428958263,0.004228473723915209,2.344831270599998e-08
7.4649298597194385,0.01994353707876084,0.0044313088904143335,2.9585039878525013e-08
7.49498997995992,0.020265188846380813,0.004642578873782423,3.726791204051831e-08
7.525050100200401,0.020590509355016943,0.004862565182396025,4.6870577608385435e-08
7.5551102204408815,0.020919509122165475,0.005091555240438015,5.8852903060635836e-08
7.585170340681362,0.021252198013105204,0.005329842340078221,7.3779858175698e-08
7.615230460921843,0.021588585227542638,0.005577725583023139,9.23442977109372e-08
7.645290581162325,0.021928679286291556,0.005835509811034153,1.153943886094535e-07
7.675350701402806,0.022272488017993825,0.006103505525017134,1.4396656385383836e-07
7.705410821643286,0.022620018545887594,0.0063820287922902435,1.793250368911786e-07
7.735470941883767,0.022971277274629866,0.006671401141642489,2.2300908690069394e-07
7.765531062124248,0.023326269877180037,0.006971949445801906,2.7688952810692067e-07
7.7955911823647295,0.02368500128175107,0.007284005790939914,3.432360091812744e-07
7.825651302605211,0.024047475658835523,0.007607907332847429,4.247970551324838e-07
7.855711422845691,0.024413696408312997,0.007943996139428334,5.248950678561758e-07
7.885771543086172,0.02478366614664626,0.008292619019167278,6.47538846867758e-07
7.915831663326653,0.025157386694173084,0.008654127335241492,7.975565831155636e-07
7.945891783567134,0.025534859062500616,0.009028876804960246,9.807527208366096e-07
7.975951903807616,0.02591608344201002,0.0094172272842312,1.2040925800532564e-06
8.006012024048097,0.026301059189478077,0.009819542536768986,1.4759191905491298e-06
8.036072144288577,0.026689784815823347,0.01023618998778005,1.8062074121358499e-06
8.066132264529058,0.027082257973984204,0.010667540461877073,2.20686111087251e-06
8.09619238476954,0.02747847544693574,0.01111396790499658,2.6920599316900625e-06
8.12625250501002,0.0278784331358535,0.011575849090116707,3.278663059468179e-06
8.1563126252505,0.02828212604843103,0.012053563306594645,3.98667829753637e-06
8.186372745490981,0.028689548287359028,0.012547492032969298,4.839805818848255e-06
8.216432865731463,0.02910069303897317,0.013058018593100124,5.866067064033294e-06
8.246492985971944,0.029515552562078582,0.013585527795542226,7.098530474585487e-06
8.276553106212425,0.02993411817695817,0.0141304055560861,8.57614705985595e-06
8.306613226452907,0.03035638025457243,0.014693038503421229,1.0344710203108157e-05
8.336673346693386,0.030782328205958335,0.015273813567914922,1.2457955612755083e-05
8.366733466933868,0.031211950471834865,0.01587311755353113,1.4978818916048449e-05
8.396793587174349,0.03164523451242237,0.01649133669294762,1.7980870067517407e-05
8.426853707414828,0.03208216679748395,0.01712885618596702,2.154994549414696e-05
8.45691382765531,0.03252273279659589,0.017786059721353397,2.5786000711196303e-05
8.486973947895791,0.032966916969654744,0.018463328982263615,3.080520800062823e-05
8.517034068136272,0.03341470275762869,0.019161043135483783,3.674232562822923e-05
8.547094188376754,0.03386607257356063,0.019879578304719203,4.3753366961024995e-05
8.577154308617235,0.034321007793830294,0.020619307028228822,5.201859970404025e-05
8.607214428857716,0.03477948874968304,0.02138059770113731,6.174590726999175e-05
8.637274549098196,0.03524149471903238,0.022163814002799907,7.317454598667138e-05
8.667334669338677,0.03570700391854412,0.022969314309640287,8.657933338811571e-05
8.697394789579159,0.03617599349600845,0.023797451093924678,0.00010227530417447091
8.727454909819638,0.03664843952300835,0.024648570308981863,0.00012062287150271175
8.75751503006012,0.03712431698789078,0.025523010761423347,0.00014203353202046158
8.7875751503006,0.03760359978904769,0.026421103470963346,0.00016697615340616168
8.817635270541082,0.038086260728514405,0.027343171018486656,0.00019598388305267858
8.847695390781563,0.038572271505891945,0.028289526883055686,0.0002296617158440037
8.877755511022045,0.039061602712600285,0.02926047476859706,0.0002686947576369085
8.907815631262524,0.03955422382646941,0.030256307921053282,0.00031385721897739943
8.937875751503006,0.04005010320667491,0.03127730843683146,0.00036602217065845154
8.967935871743487,0.04054920808902447,0.03232374656342654,0.000426172088861123
8.997995991983968,0.04105150458160216,0.03339587999314359,0.000495410212715818
9.028056112224448,0.04155695766077673,0.03449395315088652,0.0005749727310746107
9.05811623246493,0.042065531167580425,0.035618196477026826,0.0006662418080034769
9.08817635270541,0.04257718780446395,0.036768825706407667,0.0007707594478940234
9.118236472945892,0.043091889132434544,0.03794604114458324,0.0008902421910757936
9.148296593186373,0.04360959556858239,0.039150026942432824,0.0010265966193103188
9.178356713426854,0.04413026638400152,0.040380950370330224,0.0011819356375099537
9.208416833667336,0.04465385970211087,0.041638961093088005,0.00135859548340776
9.238476953907815,0.045180332497380946,0.04292419044693307,0.0015591534006904016
9.268537074148297,0.04570964059447182,0.04423675071980599,0.0017864458932998898
9.298597194388776,0.04624173866778698,0.045576734436309656,0.0020435874592452537
9.328657314629258,0.04677658024144922,0.04694421364866642,0.0023339896814088394
9.358717434869739,0.04731411768970247,0.04833923923507017,0.002661380530582874
9.38877755511022,0.0478543022377451,0.049761840206849976,0.003029823712473196
9.418837675350701,0.04839708396299896,0.051212023025885234,0.003443737865837154
9.448897795591183,0.04894241179681857,0.05268977093373597,0.0039079153935106395
9.478957915831664,0.04949023352664496,0.054195043293971505,0.004427540682096296
9.509018036072144,0.050040495798607997,0.055727774949198235,0.005008207439852342
9.539078156312625,0.0505931441205814,0.057287875594302304,0.005655934856209272
9.569138276553106,0.05114812286569364,0.0588752291674321,0.0063771822607658095
9.599198396793586,0.05170537527629878,0.06048969326025717,0.0071788619350442754
9.629258517034067,0.052264843468410434,0.062131098549042814,0.008068349707223968
9.659318637274549,0.05282646843660142,0.06379924824808071,0.009053492939072861
9.68937875751503,0.053390190059372955,0.06549391758701727,0.010142615495949586
9.719438877755511,0.05395594710499524,0.06721485331361297,0.01134451927566141
9.749498997995993,0.05452367723782224,0.0689617732234586,0.01266848186078249
9.779559118236474,0.05509331702508308,0.07073436571816157,0.014124249852406718
9.809619238476953,0.055664801944151625,0.07253228939349886,0.015722027441885073
9.839679358717435,0.0562380663902967,0.07435517265901384,0.01747245978152149
9.869739478957916,0.05681304368491365,0.07620261339050796,0.019386610726088896
9.899799599198396,0.05738966608423946,0.07807417861685394,0.021475934534970414
9.929859719438877,0.057967864788552,0.07996940424252291,0.023752241150245195
9.959919839679358,0.058547569951854304,0.08188779480718061,0.02622765469959565
9.98997995991984,0.05912871069204474,0.08382882328367355,0.028914564914890247
10.02004008016032,0.05971121510157318,0.08579193091567577,0.03182557120795793
10.050100200400802,0.060295010258583456,0.08777652709622419,0.03497341920458952
10.080160320641284,0.06088002223854187,0.08978198928831643,0.03837092960619582
10.110220440881763,0.06146617612635141,0.09180766298869039,0.042030919325703194
10.140280561122244,0.06205339602895121,0.09385286173584657,0.045966114929898806
10.170340681362724,0.06264160508839986,0.0959168671633079,0.050189058514089314
10.200400801603205,0.06323072549544215,0.09799892909905115,0.054712006235999276
10.230460921843687,0.06382067850355697,0.10009826571196602,0.05954681984345781
10.260521042084168,0.06441138444348561,0.1022140637061319,0.06470485164365139
10.29058116232465,0.0650027627382376,0.10434547856361936,0.07019682347931071
10.32064128256513,0.06559473191857272,0.10649163483644601,0.07603270039782568
10.350701402805612,0.0661872096389559,0.10865162648823223,0.0822215598213659
10.380761523046093,0.06678011269398296,0.1108245172860149,0.08877145714793182
10.410821643286573,0.06737335703527372,0.11300934124258884,0.09568928883301576
10.440881763527054,0.06796685778882953,0.11520510310965396,0.10298065411724489
10.470941883767534,0.06856052927285113,0.1174107789219484,0.11064971667492159
10.501002004008015,0.0691542850160137,0.11962531659245741,0.11869906755967734
10.531062124248496,0.06974803777619447,0.12184763655868026,0.12712959091427184
10.561122244488978,0.07034169955964878,0.12407663247984557,0.1359403339898335
10.591182364729459,0.0709351816406299,0.12631117198485528,0.14512838308333337
10.62124248496994,0.07152839458144758,0.12855009747063856,0.15468874704885657
10.651302605210422,0.07212124825296044,0.13079222695048948,0.1646142500663413
10.681362725450901,0.07271365185549625,0.13303635495185606,0.17489543535917937
10.711422845691382,0.07330551394019512,0.1352812534629437,0.18552048153791445
10.741482965931864,0.0738967424307688,0.137525672927384,0.1964751332099602
10.771543086172343,0.07448724464567033,0.13976834328611884,0.20774264743389229
10.801603206412825,0.0750769273206678,0.14200797506553678,0.21930375751077322
10.831663326653306,0.07566569663181442,0.14424326051079295,0.2311366554939485
10.861723446893787,0.07625345821880912,0.1464728747631403,0.24321699466297672
10.891783567134269,0.07684011720873948,0.14869547707999006,0.25551791304733407
10.92184368737475,0.07742557824019979,0.1509097120963177,0.26801007890234974
10.951903807615231,0.07800974548777653,0.15311421112592696,0.28066175883487016
10.98196392785571,0.07859252268689296,0.15530759350098303,0.2934389090513256
11.012024048096192,0.07917381315900475,0.15748846794812824,0.3063052899584769
11.042084168336673,0.07975351983713784,0.1596554339993938,0.31922260408984454
11.072144288577153,0.0803315452917601,0.16180708343603092,0.33215065706181257
11.102204408817634,0.08090779175697764,0.16394200176329096,0.34504754098598783
11.132264529058116,0.08148216115704605,0.16605876971409408,0.35786983948236556
11.162324649298597,0.08205455513318792,0.16815596477944694,0.3705728531551677
11.192384769539078,0.08262487507070626,0.1702321627633828,0.38311084411393176
11.22244488977956,0.08319302212638416,0.17228593936012315,0.3954372978508776
11.252505010020041,0.0837588972561604,0.17431587175108715,0.4075052005259847
11.28256513026052,0.08432240124307087,0.17632054021930507,0.41926732946783857
11.312625250501002,0.08488343472544493,0.17829852977873006,0.43067655447529396
11.342685370741481,0.085441898225346,0.1802484318158795,0.44168614730626127
11.372745490981963,0.0859976921772457,0.18216884574118963,0.45225009656918447
11.402805611222444,0.08655071695691977,0.1840583806474105,0.46232342509327534
11.432865731462925,0.08710087291055504,0.1859156569723316,0.4718625067483373
11.462925851703407,0.08764806038405548,0.18773930816308693,0.48082537961636707
11.492985971943888,0.08819217975253565,0.1895279823392576,0.489172052387074
11.52304609218437,0.0887331314499898,0.19128034395196314,0.49686480085926715
11.55310621242485,0.08927081599912455,0.19299507543611422,0.5038684514804743
11.58316633266533,0.08980513404134259,0.19467087885298345,0.5101506489482247
11.613226452905812,0.09033598636686564,0.19630647752024571,0.5156821050275836
11.643286573146291,0.09086327394498321,0.19790061762663408,0.5204368259094896
11.673346693386772,0.09138689795441582,0.19945206982836883,0.5243923156413852
11.703406813627254,0.09190675981377834,0.20095963082452054,0.5275297534029492
11.733466933867735,0.09242276121213168,0.20242212490849357,0.5298341426724293
11.763527054108216,0.09293480413960944,0.20383840549283522,0.5312944306294148
11.793587174348698,0.09344279091810613,0.20520735660460873,0.5319035964638247
11.823647294589179,0.09394662423201369,0.2065278943486068,0.5316587076038511
11.853707414829659,0.09444620715899359,0.207798968335722,0.5305609432327556
11.88376753507014,0.0949414432007701,0.20901956307384523,0.5286155848306374
11.913827655310621,0.09543223631393172,0.2101886993187142,0.5258319738473303
11.9438877755511,0.09591849094072731,0.21130543538220123,0.5222234369810791
11.973947895791582,0.09640011203984276,0.21236886839559413,0.5178071798993126
12.004008016032063,0.0968770051171446,0.21337813552549892,0.5126041505874596
12.034068136272545,0.09734907625637702,0.21433241514007437,0.5066388738443824
12.064128256513026,0.09781623214979815,0.21523092792339205,0.4999392587539422
12.094188376753507,0.09827838012874165,0.21607293793580662,0.49253638124717
12.124248496993989,0.0987354281940901,0.2168577536183175,0.48446424412463657
12.154308617234468,0.09918728504664567,0.21758472873900297,0.47575951713055953
12.18436873747495,0.09963386011738476,0.21825326327971514,0.46646125985619397
12.214428857715431,0.10007506359758192,0.21886280426133048,0.4566106303979675
12.24448897795591,0.10051080646878978,0.21941284650596948,0.4462505828040832
12.274549098196392,0.10094100053266075,0.2199029333347136,0.4354255564111191
12.304609218436873,0.1013655584405962,0.22033265719947048,0.4241811601992403
12.334669338677354,0.10178439372321006,0.2207016602477641,0.41256385528144685
12.364729458917836,0.10219742081959218,0.22100963481935407,0.4006206385899316
12.394789579158317,0.10260455510635795,0.22125632387371896,0.3883987307327133
12.424849699398798,0.10300571292647065,0.22144152134757294,0.3759452708685076
12.454909819639278,0.10340081161782223,0.2215650724417183,0.36330702128999953
12.48496993987976,0.1037897695415596,0.2216268738366767,0.3505300842184546
12.515030060120239,0.10417250611014224,0.2216268738366767,0.337659633099495
12.54509018036072,0.10454894181511805,0.2215650724417183,0.324739660454658
12.575150300601202,0.10491899825460396,0.22144152134757294,0.3118127440902066
12.605210420841683,0.10528259816045796,0.22125632387371896,0.2989198331976412
12.635270541082164,0.10563966542512951,0.22100963481935407,0.28610005560389346
12.665330661322646,0.10599012512817511,0.2207016602477641,0.27339054714741307
12.695390781563127,0.10633390356242643,0.22033265719947048,0.26082630387355193
12.725450901803608,0.10667092825979772,0.2199029333347136,0.24844005746280964
12.755511022044088,0.10700112801672043,0.2194128465059695,0.23626217403246716
12.785571142284569,0.10732443291919226,0.21886280426133048,0.22432057618944867
12.815631262525049,0.10764077436742805,0.2182532632797152,0.2126406879631728
12.84569138276553,0.1079500851001011,0.217584728739003,0.20124540201449434
12.875751503006011,0.10825229921816204,0.2168577536183175,0.19015506830319143
12.905811623246493,0.10854735220822424,0.21607293793580662,0.17938750320372973
12.935871743486974,0.1088351809655036,0.21523092792339205,0.1689580178890204
12.965931863727455,0.10911572381630157,0.21433241514007437,0.15887946465565356
12.995991983967937,0.1093889205400201,0.21337813552549892,0.14916229974246367
13.026052104208416,0.1096547123906976,0.2123688683955942,0.139814661097567
13.056112224448897,0.10991304211805508,0.2113054353822013,0.13084245947714038
13.086172344689379,0.11016385398804186,0.2101886993187142,0.12224948121173963
13.11623246492986,0.11040709380287064,0.20901956307384523,0.11403750095203836
13.14629258517034,0.11064270892053184,0.20779896833572206,0.10620640270444291
13.176352705410821,0.11087064827377721,0.2065278943486068,0.09875430748663738
13.206412825651302,0.11109086238856347,0.20520735660460873,0.09167770597215091
13.236472945891784,0.11130330340194619,0.20383840549283522,0.08497159454963275
13.266533066132265,0.11150792507941534,0.20242212490849357,0.07862961329474921
13.296593186372744,0.11170468283166331,0.20095963082452062,0.07264418443833254
13.326653306613226,0.11189353373077712,0.1994520698283689,0.06700665001150734
13.356713426853707,0.11207443652584667,0.19790061762663416,0.061707407454813006
13.386773547094188,0.1122473516579806,0.19630647752024571,0.05673604209166017
13.41683366733467,0.1124122412747229,0.19467087885298345,0.052081455484736534
13.44689378757515,0.11256906924386205,0.19299507543611422,0.04773198881516103
13.47695390781563,0.11271780116662648,0.19128034395196314,0.043675540546386726
13.507014028056112,0.11285840439025877,0.1895279823392576,0.039899677756301946
13.537074148296593,0.11299084801996276,0.18773930816308693,0.036391740640037855
13.567134268537075,0.11311510293021743,0.1859156569723316,0.03313893980124312
13.597194388777554,0.11323114177545116,0.1840583806474106,0.03012844605972989
13.627254509018035,0.11333893900007179,0.18216884574118974,0.027347472607369108
13.657314629258517,0.11343847084784646,0.1802484318158796,0.024783349441015817
13.687374749498998,0.11352971537062702,0.17829852977873006,0.02242359009035963
13.71743486973948,0.1136126524364162,0.17632054021930507,0.020255950739413595
13.747494989979959,0.11368726373677061,0.17431587175108715,0.018268481912506487
13.77755511022044,0.1137535327935365,0.17228593936012315,0.016449572958953496
13.807615230460922,0.11381144496491509,0.1702321627633828,0.01478798962501311
13.837675350701403,0.11386098745085403,0.16815596477944694,0.013272905047388817
13.867735470941884,0.11390214929776268,0.16605876971409408,0.011893924539646538
13.897795591182364,0.11393492140254823,0.1639420017632911,0.010641104571812365
13.927855711422845,0.11395929651597081,0.1618070834360311,0.009504966364527098
13.957915831663327,0.11397526924531622,0.1596554339993938,0.0084765045329646
13.987975951903808,0.11398283605638412,0.15748846794812824,0.00754719122282744
14.018036072144287,0.11398199527479148,0.15530759350098317,0.006708976181728418
14.048096192384769,0.11397274708659007,0.15311421112592696,0.0059542832047770325
14.07815631262525,0.11395509353819765,0.1509097120963177,0.005276003383871201
14.108216432865731,0.11392903853564354,0.14869547707999006,0.0046674855766944455
14.138276553106213,0.11389458784312809,0.1464728747631403,0.004122524494386795
14.168336673346692,0.11385174908089736,0.1442432605107931,0.003635346786915158
14.198396793587174,0.11380053172243403,0.1420079750655369,0.003200595482918735
14.228456913827655,0.11374094709096573,0.13976834328611895,0.0028133131168134977
14.258517034068136,0.11367300835529295,0.137525672927384,0.002468923850731935
14.288577154308618,0.11359673052493845,0.1352812534629437,0.0021632148729381507
14.318637274549097,0.11351213044462054,0.1330363549518562,0.0018923173281285464
14.348697394789578,0.11341922678805373,0.13079222695048948,0.001652687008896931
14.37875751503006,0.11331804005107897,0.12855009747063856,0.0014410850119512672
14.408817635270541,0.11320859254412778,0.12631117198485528,0.0012545585377094616
14.438877755511022,0.11309090838402394,0.12407663247984557,0.0010904219879213598
14.468937875751502,0.11296501348512679,0.1218476365586804,0.0009462384931621465
14.498997995991983,0.11283093554982086,0.11962531659245754,0.0008198019805772885
14.529058116232465,0.11268870405835676,0.11741077892194852,0.0007091198722480157
14.559118236472946,0.11253835025804829,0.11520510310965396,0.0006123964860690936
14.589178356713427,0.11237990715183166,0.11300934124258884,0.0005280171941351501
14.619238476953907,0.11221340948619239,0.1108245172860149,0.0004545333783342902
14.649298597194388,0.11203889373846619,0.10865162648823223,0.0003906482091397764
14.67935871743487,0.11185639810352048,0.10649163483644601,0.0003352032614405702
14.70941883767535,0.11166596247982293,0.10434547856361936,0.00028716597060876077
14.739478957915832,0.11146762845490456,0.1022140637061319,0.0002456179228010649
14.769539078156312,0.11126143929022479,0.10009826571196616,0.0002097439656538146
14.799599198396793,0.11104743990544556,0.09799892909905127,0.0001788221189690829
14.829659318637274,0.11082567686212359,0.09591686716330804,0.00015221425960965408
14.859719438877756,0.11059619834682784,0.09385286173584657,0.00012935755052420245
14.889779559118237,0.11035905415369185,0.09180766298869039,0.0001097565805115071
14.919839679358716,0.11011429566640908,0.08978198928831643,9.297617890354745e-05
14.949899799599198,0.10986197583968041,0.08777652709622419,7.863486770369399e-05
14.97995991983968,0.10960214918012379,0.08579193091567577,6.639891276251398e-05
15.01002004008016,0.10933487172665483,0.08382882328367355,5.597693521862423e-05
15.040080160320642,0.10906020103034894,0.08188779480718061,4.711504458937717e-05
15.070140280561121,0.10877819613379447,0.079969404242523,3.9592455485129475e-05
15.100200400801603,0.1084889175499479,0.07807417861685405,3.321755086689749e-05
15.130260521042084,0.10819242724050127,0.07620261339050796,2.78243560020201e-05
15.160320641282565,0.10788878859377257,0.07435517265901384,2.3269388734183268e-05
15.190380761523045,0.10757806640213063,0.07253228939349897,1.9428853317451924e-05
15.220440881763526,0.10726032683896511,0.07073436571816157,1.6196146819671582e-05
15.250501002004007,0.10693563743521363,0.0689617732234586,1.34796489357947e-05
15.280561122244489,0.10660406705545734,0.06721485331361297,1.1200767929130983e-05
15.31062124248497,0.10626568587359683,0.06549391758701727,9.292217306528346e-06
15.34068136272545,0.10592056534812053,0.06379924824808081,7.696499705377802e-06
15.370741482965931,0.1055687781969775,0.06213109854904291,6.364576304134937e-06
15.400801603206412,0.1052103983720675,0.06048969326025726,5.2547018460127444e-06
15.430861723446894,0.10484550103336017,0.0588752291674321,4.331407073686929e-06
15.460921843687375,0.10447416252265648,0.057287875594302304,3.5646120007352526e-06
15.490981963927855,0.10409646033700518,0.05572777494919832,2.9288549855345393e-06
15.521042084168336,0.10371247310178697,0.054195043293971505,2.402624020498409e-06
15.551102204408817,0.10332228054347971,0.05268977093373597,1.96777800110095e-06
15.581162324649299,0.1029259634621177,0.051212023025885234,1.6090469942186499e-06
15.61122244488978,0.10252360370345849,0.049761840206849976,1.3136016846208582e-06
15.64128256513026,0.10211528413087026,0.04833923923507025,1.0706832438990643e-06
15.67134268537074,0.1017010885969537,0.046944213648666515,8.712858407173275e-07
15.701402805611222,0.10128110191491176,0.045576734436309725,7.078848987405048e-07
15.731462925851703,0.10085540982968082,0.04423675071980599,5.742050132847311e-07
15.761523046092185,0.10042409898883711,0.04292419044693307,4.650221643760267e-07
15.791583166332664,0.09998725691329231,0.041638961093088005,3.759955174896748e-07
15.821643286573146,0.09954497196779159,0.040380950370330224,3.035246888991949e-07
15.851703406813627,0.09909733333122897,0.039150026942432824,2.446288754346992e-07
15.881763527054108,0.09864443096679268,0.03794604114458324,1.9684471361874998e-07
15.91182364729459,0.09818635559195553,0.036768825706407667,1.581401455652814e-07
15.941883767535069,0.09772319864832354,0.035618196477026895,1.2684193345865e-07
15.97194388777555,0.09725505227135701,0.03449395315088658,1.015747854162156e-07
16.00200400801603,0.09678200925997833,0.03339587999314367,8.12103373653636e-08
16.032064128256515,0.09630416304607958,0.032323746563426466,6.482448224849905e-08
16.062124248496993,0.09582160766394533,0.03127730843683151,5.166175313896272e-08
16.092184368737474,0.09533443771960241,0.03025630792105335,4.110565415214084e-08
16.122244488977955,0.09484274836011326,0.02926047476859706,3.265399553149458e-08
16.152304609218437,0.09434663524282395,0.028289526883055686,2.5898429862972723e-08
16.182364729458918,0.0938461945045829,0.027343171018486656,2.050750764165313e-08
16.2124248496994,0.09334152273094247,0.026421103470963346,1.621267474467186e-08
16.24248496993988,0.09283271692535809,0.025523010761423347,1.2796723878567587e-08
16.27254509018036,0.09231987447839811,0.024648570308981984,1.0084288666742776e-08
16.302605210420843,0.09180309313697768,0.02379745109392464,7.934034415687119e-09
16.33266533066132,0.09128247097363126,0.022969314309640332,6.232255247445722e-09
16.362725450901802,0.09075810635583478,0.02216381400279996,4.887634535981383e-09
16.392785571142284,0.09023009791539384,0.02138059770113731,3.826965602996771e-09
16.422845691382765,0.08969854451790826,0.020619307028228822,2.9916634368970127e-09
16.452905811623246,0.08916354523232754,0.019879578304719203,2.334926690181926e-09
16.482965931863728,0.08862519930060994,0.019161043135483783,1.8194331631365241e-09
16.51302605210421,0.08808360610749745,0.018463328982263615,1.4154720698040554e-09
16.543086172344687,0.08753886515042011,0.01778605972135347,1.0994331891201085e-09
16.57314629258517,0.08699107600954092,0.01712885618596702,8.525870324547012e-10
16.60320641282565,0.08644033831795575,0.016491336692947667,6.601018405559437e-10
16.633266533066134,0.08588675173205751,0.015873117553531102,5.102529279427707e-10
16.663326653306612,0.0853304159020801,0.01527381356791495,3.9378793706844763e-10
16.693386773547093,0.08477143044283034,0.014693038503421229,3.034182170249139e-10
16.723446893787575,0.08420989490462312,0.0141304055560861,2.3341203053277723e-10
16.753507014028056,0.08364590874442838,0.013585527795542226,1.7926981174626347e-10
16.783567134268537,0.08307957129724312,0.013058018593100124,1.3746540917648139e-10
16.813627254509015,0.08251098174769864,0.012547492032969364,1.0524029015628629e-10
16.8436873747495,0.08194023910191399,0.012053563306594645,8.044017105835237e-11
16.873747494989978,0.08136744215960778,0.011575849090116731,6.1385567490232e-11
16.903807615230463,0.08079268948647575,0.011113967904996556,4.6769411557411643e-11
16.93386773547094,0.08021607938684874,0.010667540461877097,3.557622616616283e-11
16.96392785571142,0.07963770987663654,0.010236189987780073,2.701843502246556e-11
16.993987975951903,0.07905767865657179,0.009819542536768986,2.048626770321033e-11
17.024048096192384,0.07847608308576044,0.0094172272842312,1.550843014214712e-11
17.054108216432866,0.07789302015554976,0.009028876804960246,1.1721283591740038e-11
17.084168336673347,0.07730858646372275,0.008654127335241492,8.844735504711946e-12
17.11422845691383,0.07672287818902808,0.008292619019167278,6.6634150853840545e-12
17.144288577154306,0.07613599106605397,0.007943996139428361,5.012001891228755e-12
17.17434869739479,0.07554802036045445,0.00760790733284741,3.763812027004049e-12
17.20440881763527,0.07495906084453748,0.007284005790939932,2.821934740635787e-12
17.234468937875754,0.0743692067732203,0.006971949445801891,2.112362006723211e-12
17.26452905811623,0.07377855186036346,0.0066714011416425046,1.5786725955157485e-12
17.294589178356713,0.07318718925548676,0.0063820287922902496,1.1779263404183971e-12
17.324649298597194,0.07259521152087847,0.006103505525017134,8.774988133708365e-13
17.354709418837675,0.07200271060910172,0.005835509811034153,6.526454028304555e-13
17.384769539078157,0.07140977784090645,0.005577725583023139,4.846300835586678e-13
17.414829659318634,0.07081650388355269,0.005329842340078254,3.5929055193274995e-13
17.44488977955912,0.0702229787295515,0.005091555240438008,2.659399392946253e-13
17.474949899799597,0.06962929167583022,0.0048625651823960385,1.965276561279644e-13
17.505010020040082,0.06903553130332564,0.0046425788737824054,1.4499937320781052e-13
17.53507014028056,0.06844178545701371,0.00443130889041435,1.068097543373341e-13
17.56513026052104,0.06784814122637725,0.004228473723915215,7.855214495837181e-14
17.595190380761522,0.06725468492631985,0.0040337978193059005,5.767764527144191e-14
17.625250501002004,0.06666150207852801,0.0038470116027715406,4.228237133094447e-14
17.655310621242485,0.06606867739328753,0.0036678515000083648,3.0946639168490866e-14
17.685370741482963,0.06547629475175722,0.0034960599455541733,2.2613614656132483e-14
17.715430861723448,0.06488443718870372,0.003331385383504499,1.649790599068905e-14
17.745490981963925,0.06429318687570247,0.00317358226001486,1.2016832362874797e-14
17.77555110220441,0.06370262510480477,0.0030224110079852557,8.738834647217518e-15
17.805611222444888,0.06311283227267836,0.002877638024321084,6.344821112772753e-15
17.83567134268537,0.06252388786521947,0.0027390356401581425,4.5992559951769435e-15
17.86573146292585,0.06193587044264292,0.002606382084436407,3.3285733003920652e-15
17.895791583166332,0.061348857625049734,0.002479461441199941,2.405088204241185e-15
17.925851703406813,0.06076292607847504,0.002358063600995019,1.7350269794161034e-15
17.955911823647295,0.06017815150141816,0.0022419842067315982,1.2496367752036538e-15
17.985971943887776,0.05959460861185587,0.0021310245943659926,8.985943911561162e-16
18.016032064128254,0.05901237113474002,0.002024991728755061,6.451280874233163e-16
18.04609218436874,0.05843151178998011,0.0019236981350241736,4.624135360321892e-16
18.076152304609217,0.05785210228091268,0.0018269618257831422,3.3091577249271416e-16
18.1062124248497,0.05727421328325509,0.001734606224514861,2.3643226212909793e-16
18.13627254509018,0.05669791443454763,0.0016464600854537168,1.6865466116405194e-16
18.16633266533066,0.05612327432407967,0.0015623574102601556,1.201136322735704e-16
18.196392785571142,0.05555036048330304,0.0014821373617898085,8.540604152978526e-17
18.226452905811623,0.05497923937672939,0.0014056441752449433,6.062995238922995e-17
18.256513026052104,0.05440997639331206,0.0013327270669869012,4.297226072803806e-17
18.286573146292582,0.05384263583831076,0.0012632401412782082,3.040825635891573e-17
18.316633266533067,0.05327728092563742,0.0011970422952130306,2.1483111120245074e-17
18.346693386773545,0.05271397377068314,0.001133997122085025,1.5153228518185265e-17
18.37675350701403,0.05215277538362122,0.0010739728134311094,1.0671255333263651e-17
18.406813627254508,0.05159374566318854,0.0010168420599804945,7.502883296728103e-18
18.43687374749499,0.05103694339093834,0.0009624819517274709,5.266756162413587e-18
18.46693386773547,0.050482426225966055,0.0009107738773374244,3.691140477114534e-18
18.49699398797595,0.049930250700102596,0.000861603423085024,2.582737549351119e-18
18.527054108216433,0.0493804722135733,0.000814860271514237,1.8042732915252186e-18
18.557114228456914,0.048833145031119504,0.0007704380999999839,1.2584231676485069e-18
18.587174348697395,0.04828832227857894,0.000728234479381847,8.76301249177746e-19
18.617234468937873,0.047746055939921726,0.0006881507728308332,6.092317065790005e-19
18.647294589178358,0.04720639685473769,0.0006500920351009859,4.2287684455005106e-19
18.677354709418836,0.046669394716172534,0.0006139669123087533,2.930540001426489e-19
18.707414829659317,0.04613509806930609,0.0005796875423738815,2.0276068205608798e-19
18.7374749498998,0.0456035543099715,0.000547169456247361,1.4006259681669053e-19
18.76753507014028,0.045074809684008295,0.000516331480043116,9.659684583668278e-20
18.79759519038076,0.04454890928694615,0.0004870956381821984,6.651292673283273e-20
18.827655310621243,0.04402589706411387,0.000459387057650091,4.572476813105712e-20
18.857715430861724,0.04350581581116904,0.00043313387346000673,3.1383350444206934e-20
18.8877755511022,0.04298870717504284,0.0004082671354075411,2.150549493266233e-20
18.917835671342687,0.042474611655294606,0.00038472071619471184,1.4713023156235537e-20
18.947895791583164,0.04196356860587197,0.00036243122099445887,1.0049784195199251e-20
18.97795591182365,0.04145561623726835,0.0003413378985197024,6.853523314293009e-21
19.008016032064127,0.040950791619075666,0.00032138255365478916,4.666307924040415e-21
19.03807615230461,0.04044913068292252,0.00030250946170052895,3.1720150151063246e-21
19.06813627254509,0.03995066822579546,0.00028466528427831993,2.1527788392613306e-21
19.09819639278557,0.03945543791373464,0.0002677989869327888,1.45869985003947e-21
19.128256513026052,0.03896347228589874,0.0002518617584670339,9.868128627335878e-22
19.15831663326653,0.03847480275899301,0.00023680693203918,6.665089815267304e-22
19.188376753507015,0.03798945963205303,0.0002225899080439382,4.494481027587195e-22
19.218436873747493,0.03750747209157918,0.00020916807879812338,3.0259060372790365e-22
19.248496993987978,0.03702886821701294,0.0001965007550444328,2.0339190556029695e-22
19.278557114228455,0.036553674986551196,0.00018454909428364586,1.364942113412075e-22
19.308617234468937,0.03608191828328843,0.00017327603094115365,9.1452828656205e-23
19.338677354709418,0.03561362290168305,0.0001626462083700765,6.117618537030276e-23
19.3687374749499,0.03514881255433851,0.00015262591268947308,4.0857330193788023e-23
19.39879759519038,0.034687509879093324,0.00014318300845285125,2.7243312788325045e-23
19.428857715430862,0.0342297364464127,0.0001342868761389902,1.8136446116384427e-23
19.458917835671343,0.03377551276707431,0.00012590835145413274,1.2054433464106533e-23
19.48897795591182,0.03332485830014132,0.00011801966643185861,7.999148501173076e-24
19.519038076152306,0.03287779146121487,0.00011059439231439483,5.2995995625584516e-24
19.549098196392784,0.03243432963095978,0.00010360738419678653,3.505457392172645e-24
19.57915831663327,0.031994489163894066,9.703472741312632e-05,2.3149876096741397e-24
19.609218436873746,0.03155828539743764,9.085368564213761e-05,1.5263530191588457e-24
19.639278557114228,0.031125732661209597,8.504265070749551e-05,1.0047630375604877e-24
19.66933867735471,0.030696844286569602,7.958109404671334e-05,6.603507133312041e-25
19.69939879759519,0.030271632616393675,7.444951982086541e-05,4.332993059732424e-25
19.72945891783567,0.029850109015077876,6.962941963613115e-05,2.838596588568747e-25
19.75951903807615,0.029432283878762264,6.510322884694316e-05,1.8566143402394088e-25
19.789579158316634,0.02901816664576717,6.0854284409477086e-05,1.212389218445568e-25
19.819639278557112,0.028607765807235154,5.6866784253335336e-05,7.904324689299427e-26
19.849699398797597,0.02820108891796947,5.3125748138456314e-05,5.145052594881274e-26
19.879759519038075,0.027798142607463834,4.961697996367792e-05,3.3436222507490276e-26
19.909819639278556,0.02739893259111318,4.6327031492784955e-05,2.169436464591549e-26
19.939879759519037,0.027003463681600635,4.324316746348584e-05,1.405332227066403e-26
19.96993987975952,0.02661173980045111,4.0353332044395836e-05,9.08894376902306e-27
20.0,0.026223763989745158,3.764611660489869e-05,5.868811605901012e-27
